timestamp,open,high,low,close
2021-01-01,1.2215,1.2215,1.22138,1.22138
2021-01-04,1.22386,1.23098,1.2229,1.22461
2021-01-05,1.22469,1.23057,1.22428,1.22957
2021-01-06,1.2296,1.23495,1.2264,1.23242
2021-01-07,1.2325,1.23445,1.2243,1.22688
2021-01-08,1.22705,1.22848,1.2193,1.2197
2021-01-11,1.2216,1.22284,1.2131,1.21495
2021-01-12,1.21505,1.22097,1.2135,1.22052
2021-01-13,1.22057,1.22229,1.2138,1.21565
2021-01-14,1.21566,1.21788,1.211,1.21515
2021-01-15,1.2154,1.21625,1.2072,1.20749
2021-01-18,1.20823,1.20869,1.2052,1.20745
2021-01-19,1.20744,1.2145,1.2072,1.2128
2021-01-20,1.21284,1.21582,1.2075,1.21044
2021-01-21,1.21057,1.21732,1.2101,1.21595
2021-01-22,1.21593,1.21896,1.215,1.21702
2021-01-25,1.21672,1.21833,1.2114,1.21385
2021-01-26,1.21368,1.2176,1.2106,1.21593
2021-01-27,1.21599,1.21698,1.2057,1.21075
2021-01-28,1.21073,1.21424,1.2079,1.21201
2021-01-29,1.212,1.2156,1.2092,1.21362
2021-02-01,1.21285,1.21365,1.2053,1.2059
2021-02-02,1.2059,1.20878,1.201,1.2042
2021-02-03,1.20432,1.20502,1.2002,1.20348
2021-02-04,1.20351,1.2043,1.1956,1.1962
2021-02-05,1.19618,1.205,1.1951,1.2043
2021-02-08,1.20375,1.2066,1.2018,1.20458
2021-02-09,1.20478,1.2122,1.2043,1.2117
2021-02-10,1.21168,1.21441,1.2107,1.21176
2021-02-11,1.21171,1.21495,1.2111,1.21295
2021-02-12,1.21279,1.2135,1.208,1.21177
2021-02-15,1.21239,1.21452,1.2115,1.21268
2021-02-16,1.21274,1.21695,1.2093,1.21061
2021-02-17,1.21058,1.2109,1.2021,1.20372
2021-02-18,1.2036,1.20946,1.2034,1.20891
2021-02-19,1.20888,1.21445,1.208,1.21167
2021-02-22,1.21148,1.21695,1.2089,1.21551
2021-02-23,1.21526,1.21801,1.2133,1.21486
2021-02-24,1.21496,1.21747,1.2107,1.21664
2021-02-25,1.21641,1.22432,1.2154,1.2174
2021-02-26,1.21718,1.21841,1.206,1.20704
2021-03-01,1.20718,1.21012,1.2026,1.20492
2021-03-02,1.20484,1.20945,1.199,1.209
2021-03-03,1.20893,1.21133,1.2041,1.20634
2021-03-04,1.20624,1.20666,1.196,1.19688
2021-03-05,1.19679,1.19777,1.1892,1.19079
2021-03-08,1.1917,1.19324,1.1842,1.1846
2021-03-09,1.18462,1.19158,1.1834,1.18995
2021-03-10,1.18992,1.193,1.1867,1.19287
2021-03-11,1.19287,1.199,1.1914,1.19839
2021-03-12,1.19846,1.19885,1.1908,1.19516
2021-03-15,1.19489,1.19675,1.1916,1.1927
2021-03-16,1.19276,1.19519,1.1881,1.19008
2021-03-17,1.19011,1.19857,1.1884,1.198
2021-03-18,1.19796,1.19889,1.1904,1.19124
2021-03-19,1.19118,1.19372,1.1872,1.1904
2021-03-22,1.18798,1.1947,1.1873,1.19325
2021-03-23,1.19344,1.19409,1.184,1.1849
2021-03-24,1.18486,1.1852,1.1808,1.18117
2021-03-25,1.18123,1.18278,1.176,1.1768
2021-03-26,1.17676,1.18053,1.1766,1.17928
2021-03-29,1.1789,1.17939,1.1759,1.17656
2021-03-30,1.17661,1.1774,1.171,1.17179
2021-03-31,1.17162,1.17598,1.1702,1.17266
2021-04-01,1.1726,1.178,1.1711,1.1774
2021-04-02,1.17737,1.17867,1.1747,1.1761
2021-04-05,1.1754,1.18195,1.1736,1.18123
2021-04-06,1.18134,1.18776,1.1794,1.187
2021-04-07,1.18706,1.19148,1.1859,1.1868
2021-04-08,1.1868,1.19275,1.1859,1.19142
2021-04-09,1.1915,1.19201,1.1866,1.19008
2021-04-12,1.18963,1.19192,1.1869,1.19107
2021-04-13,1.19118,1.19559,1.18766,1.19493
2021-04-14,1.19488,1.19874,1.1947,1.19781
2021-04-15,1.19789,1.19933,1.1954,1.19654
2021-04-16,1.19655,1.19948,1.1949,1.19823
2021-04-19,1.19752,1.2048,1.1941,1.2037
2021-04-20,1.20367,1.20798,1.2021,1.2033
2021-04-21,1.20339,1.20437,1.1997,1.20348
2021-04-22,1.20354,1.20697,1.1992,1.20156
2021-04-23,1.20162,1.21,1.2011,1.20965
2021-04-26,1.20941,1.2117,1.2059,1.20848
2021-04-27,1.20846,1.2093,1.2055,1.20894
2021-04-28,1.20887,1.21347,1.2054,1.21241
2021-04-29,1.21248,1.215,1.21,1.2121
2021-04-30,1.21217,1.21266,1.2015,1.2019
2021-05-03,1.20257,1.20762,1.2011,1.2063
2021-05-04,1.20626,1.20637,1.1997,1.201
2021-05-05,1.2011,1.20267,1.1984,1.2006
2021-05-06,1.20057,1.20719,1.1991,1.2062
2021-05-07,1.20621,1.21715,1.2051,1.21625
2021-05-10,1.21678,1.21782,1.21257,1.21317
2021-05-11,1.21308,1.21817,1.2121,1.2148
2021-05-12,1.21486,1.21522,1.2064,1.20693
2021-05-13,1.20702,1.21061,1.205,1.2082
2021-05-14,1.20823,1.21477,1.2069,1.21451
2021-05-17,1.21404,1.2169,1.2124,1.21537
2021-05-18,1.21521,1.22341,1.21486,1.2224
2021-05-19,1.22245,1.22454,1.2158,1.21767
2021-05-20,1.21767,1.22301,1.2167,1.22288
2021-05-21,1.22293,1.22399,1.2159,1.2178
2021-05-24,1.21761,1.223,1.2171,1.2216
2021-05-25,1.22158,1.22664,1.221,1.22489
2021-05-26,1.22488,1.2263,1.218,1.21927
2021-05-27,1.21929,1.22151,1.2173,1.21936
2021-05-28,1.21938,1.2205,1.2131,1.2189
2021-05-31,1.21959,1.22313,1.2182,1.2226
2021-06-01,1.22259,1.22544,1.22095,1.22136
2021-06-02,1.22137,1.22265,1.2162,1.22101
2021-06-03,1.22108,1.22142,1.2116,1.2126
2021-06-04,1.2126,1.21858,1.2102,1.2164
2021-06-07,1.21624,1.22018,1.2143,1.21904
2021-06-08,1.21905,1.21942,1.2162,1.2172
2021-06-09,1.21727,1.2218,1.2169,1.2178
2021-06-10,1.21784,1.21947,1.2142,1.2173
2021-06-11,1.21728,1.2193,1.2091,1.2108
2021-06-14,1.21091,1.21305,1.2092,1.21182
2021-06-15,1.21189,1.21473,1.2099,1.2128
2021-06-16,1.21281,1.2135,1.1989,1.1994
2021-06-17,1.19934,1.20063,1.189,1.1905
2021-06-18,1.19058,1.1925,1.1846,1.18592
2021-06-21,1.18632,1.19214,1.1846,1.19184
2021-06-22,1.19184,1.19527,1.1879,1.19389
2021-06-23,1.19399,1.19701,1.191,1.19273
2021-06-24,1.19272,1.19563,1.1916,1.19303
2021-06-25,1.193,1.19753,1.1924,1.1933
2021-06-28,1.19352,1.19445,1.19,1.19246
2021-06-29,1.19258,1.193,1.1876,1.18982
2021-06-30,1.18972,1.1909,1.1843,1.1857
2021-07-01,1.18564,1.18842,1.1836,1.1848
2021-07-02,1.1849,1.18743,1.1806,1.1862
2021-07-05,1.18666,1.18806,1.185,1.18615
2021-07-06,1.18619,1.18952,1.1805,1.18207
2021-07-07,1.1821,1.18364,1.178,1.1793
2021-07-08,1.17928,1.18678,1.1782,1.18444
2021-07-09,1.18435,1.18812,1.1823,1.18746
2021-07-12,1.18754,1.18802,1.1834,1.18598
2021-07-13,1.18615,1.18751,1.177,1.1776
2021-07-14,1.17778,1.18388,1.177,1.18346
2021-07-15,1.18349,1.18506,1.1794,1.18117
2021-07-16,1.1812,1.18224,1.179,1.1805
2021-07-19,1.18073,1.18245,1.1762,1.17975
2021-07-20,1.17957,1.18025,1.1754,1.17805
2021-07-21,1.17802,1.1805,1.175,1.17948
2021-07-22,1.17956,1.18305,1.1756,1.17678
2021-07-23,1.17683,1.17865,1.1753,1.1768
2021-07-26,1.17715,1.18173,1.1761,1.1801
2021-07-27,1.18005,1.18412,1.1768,1.18163
2021-07-28,1.18169,1.18496,1.17718,1.18434
2021-07-29,1.18435,1.1893,1.1839,1.18857
2021-07-30,1.18859,1.19087,1.185,1.18684
2021-08-02,1.18635,1.1897,1.1857,1.18689
2021-08-03,1.18708,1.18934,1.1852,1.1862
2021-08-04,1.18624,1.18997,1.1831,1.1835
2021-08-05,1.18357,1.18573,1.1826,1.18332
2021-08-06,1.18335,1.18354,1.1753,1.1761
2021-08-09,1.17589,1.1769,1.17321,1.1738
2021-08-10,1.17382,1.1743,1.1708,1.172
2021-08-11,1.17194,1.17541,1.1704,1.17404
2021-08-12,1.17399,1.17483,1.1722,1.1731
2021-08-13,1.17309,1.18048,1.17287,1.17936
2021-08-16,1.17938,1.1801,1.1766,1.1774
2021-08-17,1.1776,1.17848,1.17054,1.17097
2021-08-18,1.17095,1.17427,1.1692,1.17093
2021-08-19,1.17094,1.17156,1.1664,1.16766
2021-08-20,1.16771,1.17045,1.1662,1.16949
2021-08-23,1.1695,1.17503,1.16912,1.1746
2021-08-24,1.17457,1.17652,1.1725,1.1755
2021-08-25,1.17558,1.17745,1.1724,1.17686
2021-08-26,1.17696,1.1779,1.1744,1.1754
2021-08-27,1.17552,1.18023,1.1733,1.17924
2021-08-30,1.17949,1.18099,1.1781,1.17977
2021-08-31,1.17983,1.18451,1.1793,1.1808
2021-09-01,1.18088,1.18573,1.1792,1.18372
2021-09-02,1.18383,1.18761,1.1832,1.18725
2021-09-03,1.18732,1.1909,1.1864,1.18832
2021-09-06,1.18774,1.18864,1.1854,1.18703
2021-09-07,1.18696,1.18854,1.1836,1.1845
2021-09-08,1.18443,1.18512,1.18,1.18154
2021-09-09,1.1816,1.18414,1.1803,1.18243
2021-09-10,1.18243,1.18512,1.1808,1.18115
2021-09-13,1.18134,1.18171,1.1768,1.1811
2021-09-14,1.18085,1.1846,1.1798,1.18031
2021-09-15,1.1804,1.1832,1.1797,1.18149
2021-09-16,1.18154,1.18207,1.1749,1.17666
2021-09-17,1.17671,1.17889,1.17211,1.1724
2021-09-20,1.17255,1.17365,1.1698,1.17273
2021-09-21,1.17248,1.17487,1.1713,1.17255
2021-09-22,1.17249,1.17557,1.1683,1.1693
2021-09-23,1.1693,1.17502,1.1682,1.1738
2021-09-24,1.17384,1.17476,1.1699,1.1718
2021-09-27,1.17165,1.17252,1.1683,1.16961
2021-09-28,1.16954,1.17033,1.1666,1.16812
2021-09-29,1.16827,1.16902,1.1587,1.1596
2021-09-30,1.15966,1.16098,1.1561,1.158
2021-10-01,1.15802,1.16074,1.1561,1.1594
2021-10-04,1.15937,1.16402,1.1586,1.1618
2021-10-05,1.1617,1.1622,1.1579,1.1596
2021-10-06,1.15948,1.16006,1.1527,1.1554
2021-10-07,1.15533,1.15721,1.1546,1.15544
2021-10-08,1.15547,1.15861,1.1539,1.1567
2021-10-11,1.15693,1.15868,1.1547,1.1554
2021-10-12,1.15539,1.15703,1.1523,1.153
2021-10-13,1.15302,1.15985,1.1527,1.15974
2021-10-14,1.15974,1.16245,1.1582,1.1598
2021-10-15,1.15973,1.1619,1.1586,1.16
2021-10-18,1.15987,1.16224,1.157,1.16089
2021-10-19,1.16092,1.16694,1.1607,1.16286
2021-10-20,1.16296,1.16586,1.1615,1.1648
2021-10-21,1.16484,1.16674,1.1618,1.1625
2021-10-22,1.16256,1.16558,1.1619,1.1647
2021-10-25,1.16368,1.16652,1.1589,1.16099
2021-10-26,1.16105,1.16258,1.1583,1.1592
2021-10-27,1.15923,1.16262,1.1583,1.16017
2021-10-28,1.16008,1.16922,1.158,1.1681
2021-10-29,1.16808,1.16902,1.1533,1.1561
2021-11-01,1.15631,1.16092,1.1544,1.1604
2021-11-02,1.16032,1.16134,1.1573,1.15783
2021-11-03,1.15781,1.16164,1.156,1.1613
2021-11-04,1.16122,1.16164,1.1526,1.15526
2021-11-05,1.15539,1.15732,1.1512,1.1566
2021-11-08,1.15573,1.1595,1.1549,1.15863
2021-11-09,1.1584,1.16089,1.1568,1.15924
2021-11-10,1.15921,1.15953,1.1474,1.14781
2021-11-11,1.1478,1.14877,1.1441,1.14499
2021-11-12,1.14495,1.14622,1.1431,1.14447
2021-11-15,1.14452,1.1464,1.1355,1.13672
2021-11-16,1.13674,1.1386,1.1307,1.13199
2021-11-17,1.13196,1.13323,1.1262,1.1318
2021-11-18,1.13192,1.13741,1.1312,1.1371
2021-11-19,1.1372,1.1373,1.1248,1.12794
2021-11-22,1.12901,1.1293,1.1229,1.1234
2021-11-23,1.12346,1.12751,1.1225,1.12477
2021-11-24,1.12477,1.12553,1.1185,1.11977
2021-11-25,1.11972,1.123,1.11951,1.12065
2021-11-26,1.12056,1.13308,1.12039,1.13155
2021-11-29,1.13018,1.13156,1.1257,1.12906
2021-11-30,1.12902,1.1383,1.1234,1.13368
2021-12-01,1.1335,1.13598,1.1301,1.1319
2021-12-02,1.13187,1.13477,1.1294,1.13005
2021-12-03,1.12998,1.13335,1.1265,1.13131
2021-12-06,1.1302,1.13151,1.1264,1.1285
2021-12-07,1.12832,1.12985,1.1225,1.12672
2021-12-08,1.12672,1.13548,1.1263,1.1341
2021-12-09,1.13412,1.1346,1.1277,1.12923
2021-12-10,1.12922,1.13241,1.1263,1.1314
2021-12-13,1.1311,1.13193,1.1258,1.12837
2021-12-14,1.12827,1.1324,1.1252,1.12579
2021-12-15,1.12583,1.12993,1.122,1.12892
2021-12-16,1.12885,1.13605,1.1279,1.13302
2021-12-17,1.13291,1.1349,1.12335,1.1237
2021-12-20,1.12395,1.1304,1.1233,1.12801
2021-12-21,1.12781,1.13028,1.1259,1.12801
2021-12-22,1.1284,1.13424,1.1262,1.13258
2021-12-23,1.13253,1.13422,1.1288,1.13284
2021-12-24,1.13265,1.13435,1.13016,1.13181
2021-12-27,1.13156,1.13347,1.1301,1.1327
2021-12-28,1.13254,1.13333,1.1288,1.13085
2021-12-29,1.13086,1.13691,1.1272,1.13459
2021-12-30,1.13457,1.136,1.1297,1.1325
2021-12-31,1.13205,1.13865,1.1301,1.13659
2022-01-03,1.13707,1.1379,1.1278,1.12965
2022-01-04,1.12955,1.13226,1.1271,1.1286
2022-01-05,1.12858,1.13465,1.1275,1.13116
2022-01-06,1.1313,1.1332,1.1283,1.12925
2022-01-07,1.12946,1.13649,1.1288,1.13593
2022-01-10,1.13524,1.13603,1.1283,1.1325
2022-01-11,1.13231,1.13754,1.1311,1.1366
2022-01-12,1.13661,1.14528,1.1353,1.14408
2022-01-13,1.14403,1.14817,1.1433,1.14547
2022-01-14,1.14538,1.1483,1.1397,1.14091
2022-01-17,1.14128,1.14345,1.139,1.1406
2022-01-18,1.14047,1.14215,1.1313,1.1323
2022-01-19,1.13241,1.13571,1.1317,1.13424
2022-01-20,1.13415,1.13691,1.13,1.13114
2022-01-21,1.13096,1.13599,1.1298,1.13403
2022-01-24,1.13409,1.1345,1.1289,1.1327
2022-01-25,1.13246,1.1329,1.1261,1.13012
2022-01-26,1.12988,1.13107,1.1234,1.12408
2022-01-27,1.1241,1.12434,1.113,1.11424
2022-01-28,1.11432,1.11736,1.112,1.11456
2022-01-31,1.11415,1.12479,1.1137,1.12334
2022-02-01,1.12346,1.12788,1.1219,1.12704
2022-02-02,1.1271,1.13302,1.1264,1.13022
2022-02-03,1.13011,1.14515,1.1266,1.144
2022-02-04,1.1437,1.14839,1.1409,1.1448
2022-02-07,1.14628,1.14652,1.1412,1.14412
2022-02-08,1.14421,1.14488,1.1394,1.14153
2022-02-09,1.14145,1.14479,1.1401,1.1423
2022-02-10,1.14211,1.14949,1.1373,1.1427
2022-02-11,1.14276,1.14304,1.1328,1.13457
2022-02-14,1.13369,1.13691,1.1278,1.13052
2022-02-15,1.13047,1.13684,1.12955,1.1358
2022-02-16,1.13569,1.13959,1.1342,1.13721
2022-02-17,1.13719,1.13863,1.1321,1.13592
2022-02-18,1.13592,1.13771,1.1312,1.13203
2022-02-21,1.13178,1.13907,1.1305,1.13102
2022-02-22,1.1309,1.13669,1.1286,1.1323
2022-02-23,1.13238,1.13593,1.1299,1.13044
2022-02-24,1.13027,1.1311,1.1104,1.11914
2022-02-25,1.11916,1.12743,1.1164,1.12657
2022-02-28,1.1125,1.12465,1.11227,1.12175
2022-03-01,1.12176,1.12331,1.1088,1.11239
2022-03-02,1.11234,1.1144,1.1055,1.11186
2022-03-03,1.11186,1.11224,1.1032,1.10659
2022-03-04,1.1066,1.1068,1.0884,1.09241
2022-03-07,1.09236,1.09325,1.0804,1.08549
2022-03-08,1.08537,1.09583,1.0847,1.08993
2022-03-09,1.08995,1.10953,1.0888,1.1075
2022-03-10,1.10738,1.11212,1.0974,1.09849
2022-03-11,1.0984,1.10435,1.09,1.09099
2022-03-14,1.09172,1.0994,1.0899,1.0942
2022-03-15,1.09427,1.10199,1.0924,1.0949
2022-03-16,1.09486,1.10468,1.09476,1.10309
2022-03-17,1.10311,1.11375,1.1006,1.10888
2022-03-18,1.10906,1.11186,1.1001,1.105
2022-03-21,1.10504,1.10703,1.1009,1.1018
2022-03-22,1.10183,1.10458,1.0959,1.1028
2022-03-23,1.10285,1.10437,1.0962,1.1005
2022-03-24,1.10063,1.10139,1.0964,1.09964
2022-03-25,1.09961,1.10379,1.09788,1.0982
2022-03-28,1.09836,1.09995,1.0943,1.09841
2022-03-29,1.09843,1.11372,1.0968,1.10861
2022-03-30,1.1086,1.11711,1.10842,1.1157
2022-03-31,1.11563,1.11849,1.1059,1.1066
2022-04-01,1.10658,1.10761,1.1026,1.1047
2022-04-04,1.1038,1.10544,1.0959,1.09723
2022-04-05,1.09725,1.09887,1.0898,1.0906
2022-04-06,1.0906,1.09381,1.0873,1.08961
2022-04-07,1.08971,1.09385,1.0863,1.0878
2022-04-08,1.08787,1.08918,1.0835,1.0875
2022-04-11,1.09083,1.09333,1.0871,1.08823
2022-04-12,1.08828,1.09038,1.0819,1.0827
2022-04-13,1.08273,1.08942,1.0807,1.08889
2022-04-14,1.08888,1.09233,1.0756,1.0827
2022-04-15,1.08256,1.0829,1.0795,1.0805
2022-04-18,1.08069,1.08216,1.0768,1.0778
2022-04-19,1.07755,1.08145,1.076,1.0788
2022-04-20,1.0789,1.08671,1.0782,1.08506
2022-04-21,1.085,1.09364,1.0822,1.08346
2022-04-22,1.08346,1.08516,1.0769,1.0794
2022-04-25,1.08058,1.08153,1.0695,1.07121
2022-04-26,1.07118,1.07387,1.0634,1.06374
2022-04-27,1.06379,1.06549,1.0513,1.05541
2022-04-28,1.0554,1.05649,1.0469,1.04983
2022-04-29,1.04978,1.0593,1.0489,1.0541
2022-05-02,1.05464,1.05684,1.0489,1.05037
2022-05-03,1.05048,1.05778,1.0491,1.05214
2022-05-04,1.05208,1.0631,1.0504,1.06237
2022-05-05,1.06247,1.06418,1.0491,1.05399
2022-05-06,1.05397,1.05988,1.0481,1.0551
2022-05-09,1.05404,1.05924,1.0494,1.05564
2022-05-10,1.05568,1.05854,1.0524,1.05292
2022-05-11,1.0529,1.05771,1.05,1.05132
2022-05-12,1.0514,1.05292,1.0352,1.03775
2022-05-13,1.03788,1.04196,1.0348,1.0412
2022-05-16,1.03968,1.0443,1.0387,1.04347
2022-05-17,1.0435,1.05558,1.0427,1.05492
2022-05-18,1.055,1.05637,1.0458,1.04615
2022-05-19,1.04617,1.06073,1.0458,1.05812
2022-05-20,1.05835,1.05993,1.0531,1.056
2022-05-23,1.05583,1.06973,1.05571,1.0689
2022-05-24,1.06871,1.07487,1.0659,1.0732
2022-05-25,1.07328,1.0739,1.064,1.06785
2022-05-26,1.068,1.07315,1.0661,1.073
2022-05-27,1.07292,1.07652,1.0695,1.07317
2022-05-30,1.07326,1.0787,1.0724,1.0777
2022-05-31,1.07762,1.07794,1.0677,1.07313
2022-06-01,1.07308,1.07393,1.0625,1.06519
2022-06-02,1.06516,1.0756,1.0643,1.07471
2022-06-03,1.0746,1.07646,1.0702,1.0719
2022-06-06,1.07188,1.0752,1.0682,1.0694
2022-06-07,1.06948,1.07142,1.065,1.07048
2022-06-08,1.0705,1.07485,1.067,1.07159
2022-06-09,1.07158,1.07738,1.0609,1.06171
2022-06-10,1.06182,1.06423,1.0504,1.0515
2022-06-13,1.05142,1.05201,1.0398,1.04075
2022-06-14,1.04084,1.04848,1.0395,1.04117
2022-06-15,1.04153,1.05078,1.0357,1.04451
2022-06-16,1.04462,1.06014,1.0379,1.0554
2022-06-17,1.05515,1.05608,1.0443,1.0498
2022-06-20,1.0487,1.05458,1.0472,1.05117
2022-06-21,1.05102,1.05825,1.0507,1.05337
2022-06-22,1.05341,1.06059,1.0467,1.05638
2022-06-23,1.05636,1.05812,1.0481,1.05208
2022-06-24,1.05205,1.05712,1.051,1.0554
2022-06-27,1.05525,1.0615,1.0548,1.0583
2022-06-28,1.05845,1.06063,1.0502,1.05208
2022-06-29,1.05217,1.05355,1.0433,1.0439
2022-06-30,1.04407,1.04888,1.0381,1.04771
2022-07-01,1.0477,1.0482,1.0365,1.0428
2022-07-04,1.04206,1.04628,1.0415,1.0422
2022-07-05,1.04207,1.04488,1.0233,1.02646
2022-07-06,1.02654,1.02766,1.016,1.01821
2022-07-07,1.01823,1.0221,1.0142,1.01603
2022-07-08,1.01607,1.01912,1.0071,1.0183
2022-07-11,1.01791,1.01834,1.0032,1.0037
2022-07-12,1.00377,1.00738,0.9998,1.0034
2022-07-13,1.00355,1.01222,0.9996,1.00553
2022-07-14,1.00569,1.00589,0.995,1.00183
2022-07-15,1.00186,1.00979,1.0005,1.00843
2022-07-18,1.00829,1.02013,1.0077,1.0144
2022-07-19,1.01466,1.02692,1.0118,1.0226
2022-07-20,1.02279,1.02731,1.0154,1.01791
2022-07-21,1.0179,1.02781,1.0152,1.02267
2022-07-22,1.02268,1.02553,1.0129,1.021
2022-07-25,1.02174,1.02579,1.0177,1.022
2022-07-26,1.0221,1.02502,1.0106,1.01179
2022-07-27,1.01174,1.02209,1.0095,1.01998
2022-07-28,1.02005,1.02344,1.0112,1.01947
2022-07-29,1.01952,1.02544,1.0144,1.02248
2022-08-01,1.02182,1.02753,1.0204,1.02587
2022-08-02,1.02578,1.02939,1.01619,1.01625
2022-08-03,1.01636,1.02105,1.0121,1.01691
2022-08-04,1.01702,1.02539,1.0153,1.02447
2022-08-05,1.02457,1.0252,1.014,1.0181
2022-08-08,1.01783,1.0222,1.0157,1.0193
2022-08-09,1.01927,1.02475,1.0187,1.02137
2022-08-10,1.02125,1.03687,1.02,1.02976
2022-08-11,1.02988,1.03644,1.0274,1.03205
2022-08-12,1.03227,1.03274,1.0237,1.0258
2022-08-15,1.02587,1.02683,1.0153,1.01599
2022-08-16,1.01595,1.01949,1.0121,1.01673
2022-08-17,1.01678,1.0203,1.0144,1.0176
2022-08-18,1.01756,1.0193,1.0079,1.00866
2022-08-19,1.00881,1.00955,1.003,1.0034
2022-08-22,1.00385,1.00466,0.9924,0.99424
2022-08-23,0.9942,1.00183,0.9899,0.9968
2022-08-24,0.99684,0.99993,0.9908,0.99677
2022-08-25,0.99669,1.00334,0.9947,0.99763
2022-08-26,0.99758,1.009,0.9945,0.9961
2022-08-29,0.99556,1.00292,0.9912,0.99979
2022-08-30,0.99993,1.00549,0.998,1.00155
2022-08-31,1.00155,1.0079,0.997,1.00501
2022-09-01,1.00507,1.00543,0.991,0.9943
2022-09-02,0.99444,1.0034,0.9941,0.995
2022-09-05,0.99207,0.99441,0.9876,0.99293
2022-09-06,0.99284,0.99864,0.9862,0.9904
2022-09-07,0.99044,1.00109,0.9873,1.00079
2022-09-08,1.00079,1.003,0.9929,0.99969
2022-09-09,0.9996,1.01134,0.99955,1.0039
2022-09-12,1.00913,1.01979,1.0058,1.01188
2022-09-13,1.01188,1.01872,0.99616,0.99642
2022-09-14,0.99638,1.00236,0.9954,0.99783
2022-09-15,0.99806,1.00179,0.9954,0.9996
2022-09-16,0.9995,1.0037,0.9943,1.0015
2022-09-19,1.00141,1.00294,0.9962,1.00256
2022-09-20,1.00261,1.0051,0.9951,0.99691
2022-09-21,0.99682,0.99752,0.9811,0.9836
2022-09-22,0.98397,0.99075,0.9805,0.98332
2022-09-23,0.98351,0.9852,0.9664,0.969
2022-09-26,0.96739,0.97098,0.95501,0.96091
2022-09-27,0.96091,0.9671,0.9565,0.9594
2022-09-28,0.95947,0.97508,0.9532,0.97332
2022-09-29,0.97335,0.9824,0.9632,0.98167
2022-09-30,0.98172,0.98539,0.9731,0.98003
2022-10-03,0.97954,0.98446,0.9749,0.9821
2022-10-04,0.98219,0.99997,0.9802,0.99828
2022-10-05,0.9983,0.99949,0.9833,0.98839
2022-10-06,0.98852,0.99265,0.97846,0.97915
2022-10-07,0.97914,0.9817,0.9725,0.9741
2022-10-10,0.97382,0.97531,0.968,0.97016
2022-10-11,0.97026,0.97747,0.9669,0.97027
2022-10-12,0.97031,0.97351,0.9666,0.9705
2022-10-13,0.97048,0.9806,0.9629,0.97771
2022-10-14,0.97755,0.98086,0.9706,0.9719
2022-10-17,0.97223,0.98522,0.9718,0.984
2022-10-18,0.98393,0.98755,0.9811,0.9862
2022-10-19,0.98611,0.98725,0.97549,0.97715
2022-10-20,0.97724,0.98455,0.97524,0.97842
2022-10-21,0.97852,0.98692,0.9703,0.9861
2022-10-24,0.98832,0.98992,0.98047,0.9869
2022-10-25,0.98706,0.99769,0.9847,0.9966
2022-10-26,0.99659,1.00887,0.99415,1.00797
2022-10-27,1.0081,1.00937,0.99554,0.99643
2022-10-28,0.99649,0.9998,0.9925,0.9963
2022-10-31,0.99567,0.99658,0.98706,0.98814
2022-11-01,0.98818,0.99543,0.98508,0.98746
2022-11-02,0.98745,0.9976,0.98107,0.98146
2022-11-03,0.98199,0.98396,0.9728,0.9748
2022-11-04,0.97491,0.99665,0.9741,0.99581
2022-11-07,0.99055,1.00345,0.99013,1.0019
2022-11-08,1.00185,1.00963,0.99703,1.00728
2022-11-09,1.00708,1.00882,0.99908,1.00103
2022-11-10,1.0007,1.02219,0.99334,1.0208
2022-11-11,1.02076,1.03642,1.0161,1.03538
2022-11-14,1.03382,1.03586,1.0269,1.03265
2022-11-15,1.03259,1.04818,1.0278,1.03478
2022-11-16,1.0348,1.04385,1.0329,1.03942
2022-11-17,1.03936,1.04065,1.03027,1.03608
2022-11-18,1.03589,1.0396,1.0311,1.03235
2022-11-21,1.0323,1.03332,1.02206,1.02411
2022-11-22,1.02404,1.03082,1.02374,1.0303
2022-11-23,1.03028,1.04052,1.02946,1.03954
2022-11-24,1.03953,1.04485,1.038,1.04087
2022-11-25,1.0407,1.04293,1.03522,1.0395
2022-11-28,1.03706,1.04969,1.03277,1.03388
2022-11-29,1.03385,1.03945,1.03174,1.0328
2022-11-30,1.03283,1.04288,1.0288,1.04041
2022-12-01,1.04041,1.0534,1.03906,1.05257
2022-12-02,1.05258,1.0545,1.0427,1.05325
2022-12-05,1.053,1.05948,1.0478,1.04877
2022-12-06,1.04902,1.05329,1.0457,1.0465
2022-12-07,1.0466,1.05498,1.0441,1.05029
2022-12-08,1.05048,1.05649,1.0488,1.0554
2022-12-09,1.05542,1.05882,1.05018,1.05329
2022-12-12,1.05281,1.05802,1.0504,1.05367
2022-12-13,1.05355,1.06733,1.0526,1.06324
2022-12-14,1.06317,1.06952,1.0617,1.06815
2022-12-15,1.06812,1.07363,1.0591,1.06269
2022-12-16,1.0625,1.06631,1.05827,1.05839
2022-12-19,1.0588,1.06579,1.0574,1.0606
2022-12-20,1.06062,1.06586,1.0577,1.06232
2022-12-21,1.06231,1.06455,1.0589,1.06039
2022-12-22,1.06052,1.06594,1.0572,1.05965
2022-12-23,1.05928,1.0633,1.0585,1.06172
2022-12-26,1.061,1.06364,1.05965,1.06332
2022-12-27,1.0636,1.06694,1.061,1.0639
2022-12-28,1.0636,1.06745,1.0605,1.0611
2022-12-29,1.061,1.06916,1.06078,1.06609
2022-12-30,1.0661,1.07131,1.0637,1.07025
2023-01-02,1.07031,1.07087,1.06489,1.06656
2023-01-03,1.06646,1.06836,1.0517,1.0546
2023-01-04,1.05461,1.06354,1.0539,1.06033
2023-01-05,1.0602,1.06314,1.0513,1.052
2023-01-06,1.052,1.0648,1.04816,1.06413
2023-01-09,1.06409,1.07606,1.0636,1.07292
2023-01-10,1.0728,1.07595,1.071,1.07326
2023-01-11,1.07322,1.07775,1.0724,1.07562
2023-01-12,1.07566,1.0867,1.07292,1.08522
2023-01-13,1.08506,1.0868,1.0779,1.08302
2023-01-16,1.08333,1.08741,1.08,1.08198
2023-01-17,1.08205,1.08699,1.0773,1.07877
2023-01-18,1.07872,1.08873,1.0765,1.0794
2023-01-19,1.07928,1.084,1.0781,1.08308
2023-01-20,1.0831,1.0859,1.0801,1.08549
2023-01-23,1.08672,1.09267,1.0844,1.08715
2023-01-24,1.0871,1.08979,1.0833,1.08851
2023-01-25,1.08848,1.09237,1.0856,1.09154
2023-01-26,1.0915,1.09294,1.0849,1.08916
2023-01-27,1.08918,1.09002,1.0836,1.08649
2023-01-30,1.08644,1.09137,1.0837,1.0848
2023-01-31,1.08488,1.0875,1.08,1.08626
2023-02-01,1.0861,1.1001,1.085,1.099
2023-02-02,1.0989,1.10327,1.0885,1.09092
2023-02-03,1.09086,1.09401,1.0791,1.07929
2023-02-06,1.07814,1.0799,1.0708,1.07252
2023-02-07,1.07251,1.07664,1.0667,1.07253
2023-02-08,1.07247,1.07607,1.0708,1.07099
2023-02-09,1.07099,1.07907,1.07065,1.07398
2023-02-10,1.07366,1.07527,1.0665,1.06754
2023-02-13,1.06807,1.073,1.0654,1.07207
2023-02-14,1.07216,1.08044,1.0706,1.07366
2023-02-15,1.07361,1.07444,1.0659,1.0688
2023-02-16,1.06871,1.07223,1.0653,1.06725
2023-02-17,1.06719,1.06983,1.0611,1.06929
2023-02-20,1.06868,1.07046,1.0669,1.06841
2023-02-21,1.0685,1.06981,1.0636,1.06457
2023-02-22,1.06464,1.06638,1.0598,1.06034
2023-02-23,1.06031,1.06276,1.0576,1.0596
2023-02-24,1.05934,1.06142,1.0535,1.05437
2023-02-27,1.05451,1.06198,1.0531,1.0608
2023-02-28,1.0609,1.06451,1.0572,1.05748
2023-03-01,1.05743,1.06914,1.0564,1.0666
2023-03-02,1.0666,1.0673,1.0575,1.05966
2023-03-03,1.05963,1.06393,1.0587,1.06337
2023-03-06,1.06237,1.06943,1.062,1.06791
2023-03-07,1.06791,1.06944,1.0544,1.0549
2023-03-08,1.0549,1.05738,1.0524,1.0543
2023-03-09,1.0543,1.05912,1.05377,1.05791
2023-03-10,1.05788,1.07007,1.0572,1.06387
2023-03-13,1.06938,1.07486,1.0649,1.07263
2023-03-14,1.07273,1.07496,1.0677,1.07313
2023-03-15,1.07317,1.076,1.0515,1.05766
2023-03-16,1.0578,1.06356,1.0549,1.06125
2023-03-17,1.06121,1.06853,1.06075,1.06639
2023-03-20,1.06832,1.07309,1.0629,1.0719
2023-03-21,1.07192,1.07886,1.0702,1.07676
2023-03-22,1.0768,1.09125,1.0757,1.0858
2023-03-23,1.0859,1.093,1.0823,1.08321
2023-03-24,1.08325,1.08385,1.0712,1.07588
2023-03-27,1.07645,1.08001,1.0743,1.07967
2023-03-28,1.07963,1.08485,1.07937,1.08399
2023-03-29,1.08399,1.08713,1.0817,1.08395
2023-03-30,1.08403,1.09263,1.0823,1.09046
2023-03-31,1.09042,1.09257,1.0835,1.08381
2023-04-03,1.08418,1.09166,1.0787,1.09006
2023-04-04,1.09011,1.09733,1.0881,1.0954
2023-04-05,1.09549,1.09696,1.089,1.09057
2023-04-06,1.09058,1.09376,1.0883,1.09176
2023-04-07,1.09177,1.0924,1.08759,1.09014
2023-04-10,1.08995,1.09173,1.083,1.0859
2023-04-11,1.08586,1.0928,1.08569,1.09095
2023-04-12,1.09106,1.10004,1.09093,1.09914
2023-04-13,1.09914,1.10677,1.0975,1.10447
2023-04-14,1.10459,1.10759,1.0971,1.0991
2023-04-17,1.09926,1.09998,1.0908,1.09253
2023-04-18,1.0925,1.0983,1.0921,1.09705
2023-04-19,1.09706,1.0984,1.0916,1.09549
2023-04-20,1.0956,1.09895,1.0932,1.09668
2023-04-21,1.09666,1.09938,1.0937,1.0988
2023-04-24,1.09861,1.10502,1.0965,1.10441
2023-04-25,1.10445,1.10671,1.0963,1.09738
2023-04-26,1.09729,1.10954,1.0967,1.104
2023-04-27,1.10409,1.10635,1.0991,1.1025
2023-04-28,1.10235,1.10449,1.0961,1.1014
2023-05-01,1.10178,1.10355,1.0964,1.0975
2023-05-02,1.09744,1.1008,1.0941,1.10008
2023-05-03,1.10008,1.10916,1.0999,1.10606
2023-05-04,1.10609,1.10917,1.0986,1.10118
2023-05-05,1.10127,1.10478,1.09665,1.10174
2023-05-08,1.10209,1.10537,1.0998,1.10038
2023-05-09,1.10038,1.10042,1.094,1.09537
2023-05-10,1.09534,1.10068,1.094,1.0982
2023-05-11,1.09811,1.09981,1.0899,1.09152
2023-05-12,1.0916,1.09355,1.08468,1.0847
2023-05-15,1.08528,1.08908,1.08392,1.0874
2023-05-16,1.08745,1.09046,1.0854,1.08611
2023-05-17,1.08614,1.0874,1.0809,1.0839
2023-05-18,1.08389,1.0848,1.0761,1.07699
2023-05-19,1.07697,1.08287,1.0759,1.08019
2023-05-22,1.08061,1.08313,1.0794,1.0812
2023-05-23,1.08111,1.08204,1.0759,1.07723
2023-05-24,1.07728,1.08013,1.0747,1.07495
2023-05-25,1.07495,1.07567,1.07071,1.07277
2023-05-26,1.07278,1.07586,1.07,1.0725
2023-05-29,1.0721,1.07435,1.0704,1.07088
2023-05-30,1.07088,1.07466,1.0671,1.07325
2023-05-31,1.07319,1.0736,1.0634,1.06856
2023-06-01,1.06856,1.07684,1.0661,1.07597
2023-06-02,1.07592,1.0779,1.0704,1.0706
2023-06-05,1.07059,1.07225,1.0673,1.07102
2023-06-06,1.07116,1.07329,1.0666,1.06934
2023-06-07,1.06943,1.07398,1.0667,1.06982
2023-06-08,1.06983,1.07871,1.0695,1.07817
2023-06-09,1.07812,1.07851,1.0742,1.0746
2023-06-12,1.07447,1.07901,1.07329,1.07565
2023-06-13,1.07568,1.08235,1.07557,1.07887
2023-06-14,1.0789,1.0864,1.0773,1.08311
2023-06-15,1.0831,1.09527,1.0802,1.09413
2023-06-16,1.09413,1.09707,1.09178,1.09401
2023-06-19,1.09385,1.09462,1.0905,1.09213
2023-06-20,1.09213,1.09462,1.0891,1.09164
2023-06-21,1.0917,1.0991,1.0904,1.09836
2023-06-22,1.09838,1.10122,1.09483,1.09554
2023-06-23,1.09548,1.09585,1.08443,1.0891
2023-06-26,1.08998,1.09201,1.08873,1.09057
2023-06-27,1.09056,1.09768,1.0902,1.09598
2023-06-28,1.09603,1.09627,1.08967,1.09125
2023-06-29,1.09129,1.09414,1.08599,1.08625
2023-06-30,1.08639,1.09318,1.0835,1.09074
2023-07-03,1.09076,1.09339,1.087,1.091
2023-07-04,1.09102,1.09163,1.0875,1.08791
2023-07-05,1.08793,1.09079,1.085,1.08545
2023-07-06,1.08543,1.09006,1.0833,1.0888
2023-07-07,1.08885,1.09733,1.08668,1.0964
2023-07-10,1.09648,1.10014,1.0942,1.09995
2023-07-11,1.09996,1.10273,1.0976,1.10051
2023-07-12,1.1006,1.11403,1.1004,1.11282
2023-07-13,1.11283,1.12284,1.11272,1.12235
2023-07-14,1.12231,1.12449,1.1204,1.12264
2023-07-17,1.12281,1.12488,1.12028,1.12354
2023-07-18,1.12361,1.12758,1.1208,1.12274
2023-07-19,1.12274,1.12403,1.11742,1.11998
2023-07-20,1.11999,1.12291,1.1117,1.11339
2023-07-21,1.11348,1.1145,1.11076,1.11245
2023-07-24,1.11312,1.1147,1.10599,1.10627
2023-07-25,1.10625,1.10869,1.10205,1.1057
2023-07-26,1.10568,1.11068,1.10375,1.10866
2023-07-27,1.10867,1.11497,1.0964,1.09764
2023-07-28,1.09768,1.10475,1.09434,1.10147
2023-07-31,1.1018,1.10459,1.0992,1.09968
2023-08-01,1.09966,1.10195,1.0951,1.10181
2023-08-02,1.10178,1.10181,1.0917,1.09381
2023-08-03,1.09383,1.09629,1.0911,1.09483
2023-08-04,1.09472,1.1042,1.0934,1.10072
2023-08-07,1.10105,1.10139,1.0964,1.10029
2023-08-08,1.10031,1.10111,1.0928,1.09535
2023-08-09,1.09536,1.09954,1.095,1.09759
2023-08-10,1.09761,1.10652,1.0966,1.09801
2023-08-11,1.09828,1.1005,1.09418,1.09436
2023-08-14,1.09475,1.09602,1.08745,1.09046
2023-08-15,1.09048,1.09525,1.08965,1.09027
2023-08-16,1.09024,1.09346,1.08713,1.08805
2023-08-17,1.08813,1.09182,1.0856,1.08672
2023-08-18,1.08673,1.0894,1.08447,1.08711
2023-08-21,1.08742,1.09137,1.08692,1.08943
2023-08-22,1.08953,1.09305,1.08328,1.08445
2023-08-23,1.08448,1.08715,1.0801,1.08619
2023-08-24,1.08618,1.08767,1.0803,1.08126
2023-08-25,1.0812,1.08418,1.0765,1.0793
2023-08-28,1.07957,1.08232,1.0793,1.08187
2023-08-29,1.08191,1.0892,1.0782,1.08785
2023-08-30,1.08781,1.09456,1.08549,1.09228
2023-08-31,1.09227,1.09394,1.08348,1.08415
2023-09-01,1.08414,1.08819,1.07706,1.07733
2023-09-04,1.07739,1.0809,1.07712,1.07938
2023-09-05,1.07943,1.07985,1.07062,1.07226
2023-09-06,1.07221,1.07489,1.07021,1.07225
2023-09-07,1.07239,1.0732,1.0686,1.06962
2023-09-08,1.06969,1.07439,1.0692,1.0699
2023-09-11,1.07147,1.07594,1.07064,1.07484
2023-09-12,1.07493,1.07692,1.07052,1.0759
2023-09-13,1.07589,1.07648,1.07109,1.07292
2023-09-14,1.07294,1.07521,1.06315,1.0642
2023-09-15,1.06421,1.0688,1.06328,1.06596
2023-09-18,1.06626,1.06988,1.0654,1.06918
2023-09-19,1.06914,1.0718,1.0672,1.06795
2023-09-20,1.06793,1.0737,1.0649,1.06633
2023-09-21,1.06635,1.06735,1.06165,1.06584
2023-09-22,1.06582,1.06717,1.06147,1.06432
2023-09-25,1.06445,1.06555,1.05753,1.05922
2023-09-26,1.05915,1.0609,1.05618,1.05698
2023-09-27,1.05698,1.0574,1.04878,1.05052
2023-09-28,1.05051,1.0579,1.04908,1.05635
2023-09-29,1.05639,1.0617,1.05577,1.05709
2023-10-02,1.05676,1.05919,1.04749,1.0479
2023-10-03,1.04786,1.04934,1.0448,1.04642
2023-10-04,1.04646,1.05321,1.0451,1.0506
2023-10-05,1.05062,1.0552,1.04998,1.05483
2023-10-06,1.05483,1.06,1.04823,1.05857
2023-10-09,1.05545,1.05744,1.05192,1.0565
2023-10-10,1.05654,1.06198,1.05542,1.0605
2023-10-11,1.06046,1.06348,1.05799,1.062
2023-10-12,1.06191,1.06397,1.0524,1.05297
2023-10-13,1.053,1.05584,1.04952,1.05043
2023-10-16,1.05209,1.05628,1.05132,1.05585
2023-10-17,1.05589,1.05948,1.05326,1.05742
2023-10-18,1.05742,1.05941,1.05228,1.05358
2023-10-19,1.05354,1.06166,1.05278,1.05807
2023-10-20,1.05816,1.06036,1.05648,1.0593
2023-10-23,1.05928,1.06779,1.05711,1.06674
2023-10-24,1.06675,1.06943,1.05828,1.059
2023-10-25,1.05911,1.06067,1.05634,1.05674
2023-10-26,1.05668,1.05691,1.05218,1.05603
2023-10-27,1.05596,1.0597,1.0535,1.05605
2023-10-30,1.05653,1.06251,1.05468,1.06147
2023-10-31,1.06145,1.06749,1.05571,1.05744
2023-11-01,1.0574,1.05806,1.05165,1.0567
2023-11-02,1.0567,1.06676,1.0567,1.06211
2023-11-03,1.06203,1.07467,1.06144,1.073
2023-11-06,1.07243,1.07563,1.07158,1.07173
2023-11-07,1.07168,1.07221,1.0664,1.06998
2023-11-08,1.06993,1.0716,1.0659,1.0709
2023-11-09,1.07076,1.07254,1.06598,1.06671
2023-11-10,1.06671,1.0693,1.06559,1.06848
2023-11-13,1.06826,1.07061,1.06647,1.06987
2023-11-14,1.06975,1.08875,1.06927,1.08787
2023-11-15,1.08788,1.08861,1.08313,1.08468
2023-11-16,1.08453,1.08955,1.08299,1.08517
2023-11-17,1.08501,1.09148,1.08246,1.09138
2023-11-20,1.09095,1.09518,1.0897,1.09394
2023-11-21,1.09386,1.09651,1.08998,1.0911
2023-11-22,1.091,1.0923,1.08522,1.08883
2023-11-23,1.08864,1.09304,1.08815,1.09035
2023-11-24,1.09031,1.09486,1.08947,1.09367
2023-11-27,1.09426,1.09594,1.09247,1.09531
2023-11-28,1.09518,1.1009,1.09342,1.09927
2023-11-29,1.09908,1.10171,1.096,1.09692
2023-11-30,1.09675,1.0984,1.0879,1.08861
2023-12-01,1.0886,1.09127,1.08287,1.08818
2023-12-04,1.08765,1.0895,1.08039,1.08359
2023-12-05,1.0836,1.08474,1.07778,1.07965
2023-12-06,1.07965,1.08047,1.07583,1.07643
2023-12-07,1.07621,1.08175,1.07548,1.07936
2023-12-08,1.07918,1.08007,1.0723,1.07608
2023-12-11,1.0759,1.0779,1.07414,1.0764
2023-12-12,1.07631,1.08281,1.0757,1.07943
2023-12-13,1.07937,1.08966,1.07729,1.08742
2023-12-14,1.08728,1.10092,1.087,1.09921
2023-12-15,1.09912,1.10038,1.08885,1.08922
2023-12-18,1.0897,1.09312,1.08914,1.09235
2023-12-19,1.09228,1.09873,1.09145,1.09805
2023-12-20,1.09787,1.09843,1.09296,1.09413
2023-12-21,1.09413,1.10126,1.09347,1.10109
2023-12-22,1.10109,1.10401,1.09935,1.1011
2023-12-25,1.1016,1.10202,1.09913,1.1008
2023-12-26,1.1011,1.1045,1.10073,1.10417
2023-12-27,1.10417,1.11226,1.10284,1.11044
2023-12-28,1.11044,1.11395,1.10549,1.10593
2023-12-29,1.10594,1.10842,1.10338,1.10374
2024-01-01,1.104,1.1046,1.1034,1.1044
2024-01-02,1.10438,1.10454,1.0938,1.09416
2024-01-03,1.09414,1.09654,1.08928,1.09215
2024-01-04,1.09209,1.09722,1.09142,1.09447
2024-01-05,1.0944,1.09984,1.08767,1.09392
2024-01-08,1.09446,1.09788,1.09224,1.09495
2024-01-09,1.09501,1.09663,1.09101,1.0931
2024-01-10,1.09294,1.09731,1.09226,1.09724
2024-01-11,1.09722,1.09999,1.093,1.09723
2024-01-12,1.09715,1.0987,1.09356,1.09483
2024-01-15,1.0953,1.09676,1.0933,1.09483
2024-01-16,1.09482,1.0951,1.0862,1.08751
2024-01-17,1.0874,1.08845,1.08443,1.08827
2024-01-18,1.08811,1.09068,1.08464,1.08762
2024-01-19,1.08757,1.08983,1.08654,1.0896
2024-01-22,1.08901,1.09095,1.08797,1.08824
2024-01-23,1.0882,1.09162,1.08214,1.08541
2024-01-24,1.0854,1.09323,1.08462,1.08843
2024-01-25,1.08843,1.09018,1.08214,1.08454
2024-01-26,1.08449,1.08854,1.08125,1.08512
2024-01-29,1.0843,1.08501,1.07956,1.08328
2024-01-30,1.0832,1.08573,1.08117,1.08447
2024-01-31,1.08446,1.08874,1.07947,1.0818
2024-02-01,1.0818,1.0875,1.07797,1.08713
2024-02-02,1.08714,1.08974,1.07802,1.07849
2024-02-05,1.0785,1.07861,1.07229,1.07419
2024-02-06,1.07418,1.07623,1.07224,1.07545
2024-02-07,1.0754,1.0784,1.07487,1.07717
2024-02-08,1.07704,1.07889,1.07414,1.07775
2024-02-09,1.07767,1.07951,1.07619,1.07821
2024-02-12,1.07778,1.08055,1.07556,1.07713
2024-02-13,1.07708,1.07985,1.07003,1.07079
2024-02-14,1.07087,1.07344,1.06945,1.07264
2024-02-15,1.07243,1.07848,1.07224,1.0772
2024-02-16,1.07718,1.07874,1.07318,1.07749
2024-02-19,1.07719,1.07894,1.07618,1.07785
2024-02-20,1.0777,1.0839,1.07614,1.08076
2024-02-21,1.08075,1.08245,1.07897,1.08185
2024-02-22,1.08182,1.08882,1.08025,1.08222
2024-02-23,1.08221,1.08396,1.08115,1.08188
2024-02-26,1.08319,1.08597,1.08124,1.08509
2024-02-27,1.08504,1.0866,1.08328,1.08437
2024-02-28,1.08437,1.08474,1.07965,1.08377
2024-02-29,1.08363,1.0856,1.07956,1.08053
2024-03-01,1.08046,1.08432,1.0798,1.08368
2024-03-04,1.0838,1.0867,1.08349,1.08555
2024-03-05,1.0856,1.08762,1.08401,1.08547
2024-03-06,1.0856,1.09153,1.08418,1.08986
2024-03-07,1.0898,1.09493,1.08677,1.0948
2024-03-08,1.0948,1.09813,1.09183,1.09381
2024-03-11,1.09393,1.09481,1.0914,1.09257
2024-03-12,1.09258,1.09438,1.09021,1.09255
2024-03-13,1.09258,1.09638,1.09199,1.09479
2024-03-14,1.09485,1.0955,1.08804,1.08847
2024-03-15,1.08853,1.08997,1.08726,1.08869
2024-03-18,1.08878,1.09061,1.08658,1.08721
2024-03-19,1.08728,1.08766,1.08345,1.08649
2024-03-20,1.08653,1.0923,1.0836,1.09211
2024-03-21,1.09206,1.09426,1.08551,1.08605
2024-03-22,1.08605,1.08681,1.08015,1.0805
2024-03-25,1.08074,1.08426,1.08019,1.08359
2024-03-26,1.08364,1.08643,1.0824,1.08316
2024-03-27,1.08319,1.08391,1.08104,1.08258
2024-03-28,1.0826,1.0827,1.07748,1.0789
2024-03-29,1.07889,1.08051,1.07677,1.079
2024-04-01,1.0791,1.0799,1.07307,1.07428
2024-04-02,1.07435,1.0779,1.07244,1.07734
2024-04-03,1.07722,1.0837,1.07637,1.08334
2024-04-04,1.08331,1.08766,1.08314,1.08382
2024-04-05,1.08381,1.0848,1.07912,1.0836
2024-04-08,1.08371,1.0863,1.08206,1.0859
2024-04-09,1.08589,1.08851,1.08475,1.08575
2024-04-10,1.08569,1.08665,1.07285,1.07429
2024-04-11,1.07429,1.07566,1.06989,1.07267
2024-04-12,1.07265,1.07293,1.0622,1.06385
2024-04-15,1.06337,1.06652,1.062,1.06234
2024-04-16,1.06238,1.06535,1.0601,1.06146
2024-04-17,1.06164,1.06796,1.06059,1.06709
2024-04-18,1.06715,1.069,1.0641,1.06435
2024-04-19,1.06431,1.06776,1.06102,1.06526
2024-04-22,1.06556,1.06706,1.06237,1.06513
2024-04-23,1.06519,1.07113,1.0638,1.07019
2024-04-24,1.07019,1.07142,1.06776,1.06967
2024-04-25,1.0697,1.074,1.06782,1.07281
2024-04-26,1.07284,1.0753,1.06737,1.06922
2024-04-29,1.06946,1.07337,1.06898,1.07203
2024-04-30,1.07205,1.07353,1.06628,1.0669
2024-05-01,1.06688,1.07328,1.0649,1.07096
2024-05-02,1.07114,1.07302,1.0674,1.07233
2024-05-03,1.07221,1.08124,1.07221,1.07609
2024-05-06,1.0763,1.07907,1.0755,1.07689
2024-05-07,1.07685,1.07874,1.07477,1.07559
2024-05-08,1.07553,1.07575,1.0733,1.07474
2024-05-09,1.07475,1.07847,1.07236,1.07807
2024-05-10,1.07805,1.07901,1.07602,1.07694
2024-05-13,1.07706,1.08068,1.07655,1.07883
2024-05-14,1.07896,1.08257,1.07668,1.08163
2024-05-15,1.08171,1.0886,1.08128,1.08832
2024-05-16,1.08828,1.0895,1.0854,1.08656
2024-05-17,1.0866,1.08786,1.08353,1.08674
2024-05-20,1.08688,1.08845,1.0853,1.08592
2024-05-21,1.08593,1.08748,1.08424,1.0855
2024-05-22,1.08551,1.08635,1.0817,1.08233
2024-05-23,1.08233,1.0861,1.08045,1.08142
2024-05-24,1.08144,1.0858,1.08052,1.0845
2024-05-27,1.08444,1.08675,1.08404,1.0856
2024-05-28,1.08563,1.0889,1.08542,1.08569
2024-05-29,1.08572,1.08604,1.07991,1.08029
2024-05-30,1.08032,1.08451,1.07879,1.08334
2024-05-31,1.08334,1.08823,1.08109,1.0845
2024-06-03,1.08462,1.09045,1.0826,1.09028
2024-06-04,1.09017,1.0916,1.08585,1.08786
2024-06-05,1.08788,1.08915,1.08541,1.08702
2024-06-06,1.087,1.0902,1.08617,1.08891
2024-06-07,1.08893,1.0902,1.07993,1.08
2024-06-10,1.07713,1.07817,1.07325,1.07648
2024-06-11,1.07649,1.07734,1.0719,1.07416
2024-06-12,1.07425,1.08523,1.07343,1.08109
2024-06-13,1.0812,1.08164,1.07309,1.07388
2024-06-14,1.07386,1.0745,1.06673,1.07025
2024-06-17,1.07045,1.0738,1.06862,1.07313
2024-06-18,1.07314,1.07615,1.07098,1.074
2024-06-19,1.07401,1.07534,1.07244,1.0744
2024-06-20,1.07441,1.0749,1.06994,1.0704
2024-06-21,1.07039,1.07206,1.06707,1.0691
2024-06-24,1.06906,1.07465,1.06834,1.07332
2024-06-25,1.07329,1.07442,1.06903,1.07123
2024-06-26,1.07123,1.0718,1.06658,1.06799
2024-06-27,1.06795,1.07264,1.06767,1.07048
2024-06-28,1.0705,1.07248,1.06851,1.07112
2024-07-01,1.0738,1.07765,1.07195,1.07384
2024-07-02,1.07384,1.07472,1.07097,1.07446
2024-07-03,1.07446,1.08169,1.0736,1.07855
2024-07-04,1.07855,1.0814,1.07834,1.0811
2024-07-05,1.08111,1.08426,1.07968,1.0837
2024-07-08,1.08178,1.08451,1.08143,1.08241
2024-07-09,1.08244,1.08333,1.0805,1.0814
2024-07-10,1.08139,1.08305,1.08105,1.08289
2024-07-11,1.08289,1.08999,1.0828,1.08659
2024-07-12,1.08659,1.09114,1.086,1.09054
2024-07-15,1.08882,1.09223,1.08829,1.08946
2024-07-16,1.08946,1.09056,1.08712,1.08977
2024-07-17,1.08988,1.09481,1.08949,1.09378
2024-07-18,1.09378,1.0941,1.0893,1.08975
2024-07-19,1.08974,1.0902,1.08753,1.08822
2024-07-22,1.08844,1.0903,1.08727,1.089
2024-07-23,1.08894,1.08968,1.08436,1.08531
2024-07-24,1.08534,1.08666,1.08253,1.084
2024-07-25,1.08393,1.08701,1.08278,1.08449
2024-07-26,1.08448,1.08683,1.08418,1.0855
2024-07-29,1.08557,1.087,1.08025,1.08223
2024-07-30,1.08225,1.08358,1.0798,1.08131
2024-07-31,1.08128,1.08494,1.08017,1.08268
2024-08-01,1.08269,1.08354,1.07772,1.0791
2024-08-02,1.07909,1.0927,1.07816,1.09098
2024-08-05,1.09195,1.1009,1.08923,1.09524
2024-08-06,1.09526,1.09631,1.09035,1.0929
2024-08-07,1.09285,1.09366,1.0905,1.09226
2024-08-08,1.09228,1.09451,1.08812,1.09164
2024-08-09,1.09162,1.09314,1.09087,1.09148
2024-08-12,1.09183,1.09395,1.09097,1.09317
2024-08-13,1.09314,1.09997,1.09134,1.09914
2024-08-14,1.09914,1.10264,1.0986,1.10253
2024-08-15,1.10111,1.1016,1.0949,1.09717
2024-08-16,1.09719,1.10297,1.09702,1.10253
2024-08-19,1.10247,1.10864,1.10215,1.1083
2024-08-20,1.10835,1.11304,1.10716,1.11286
2024-08-21,1.11285,1.11741,1.10992,1.11481
2024-08-22,1.11482,1.11649,1.10976,1.11108
2024-08-23,1.11112,1.1201,1.11052,1.11913
2024-08-26,1.11903,1.12015,1.11498,1.11604
2024-08-27,1.11604,1.11906,1.11501,1.11824
2024-08-28,1.11827,1.1185,1.11046,1.11188
2024-08-29,1.11188,1.11399,1.10553,1.1078
2024-08-30,1.10779,1.1095,1.10436,1.10465
2024-09-02,1.10464,1.10775,1.10416,1.10702
2024-09-03,1.10701,1.1073,1.1026,1.1045
2024-09-04,1.10445,1.10952,1.10382,1.1082
2024-09-05,1.10831,1.11197,1.10744,1.1108
2024-09-06,1.11083,1.11556,1.10653,1.1083
2024-09-09,1.10826,1.10911,1.1033,1.10357
2024-09-10,1.10364,1.10498,1.10149,1.1019
2024-09-11,1.10192,1.1055,1.10017,1.10128
2024-09-12,1.10124,1.10751,1.10052,1.10735
2024-09-13,1.10735,1.11019,1.107,1.10737
2024-09-16,1.10745,1.11376,1.10743,1.1131
2024-09-17,1.11302,1.11461,1.11106,1.11127
2024-09-18,1.1113,1.11891,1.10965,1.11156
2024-09-19,1.11156,1.1179,1.10681,1.11613
2024-09-20,1.11612,1.11819,1.11357,1.11617
2024-09-23,1.11612,1.11672,1.10829,1.1111
2024-09-24,1.11118,1.1181,1.11029,1.11783
2024-09-25,1.11786,1.1214,1.1121,1.1133
2024-09-26,1.11325,1.11893,1.11255,1.11748
2024-09-27,1.11747,1.1203,1.11247,1.1161
2024-09-30,1.11583,1.12089,1.11132,1.11349
2024-10-01,1.1135,1.1144,1.10455,1.10676
2024-10-02,1.10685,1.10828,1.10323,1.10474
2024-10-03,1.10478,1.1049,1.1008,1.10321
2024-10-04,1.10318,1.10396,1.0951,1.09739
2024-10-07,1.09682,1.0987,1.0954,1.09733
2024-10-08,1.09735,1.09971,1.09606,1.09778
2024-10-09,1.09785,1.0981,1.09359,1.09403
2024-10-10,1.09405,1.09548,1.08998,1.09349
2024-10-11,1.0935,1.09537,1.09257,1.09353
2024-10-14,1.09312,1.09366,1.0888,1.09059
2024-10-15,1.09077,1.09167,1.08816,1.08919
2024-10-16,1.08918,1.09014,1.0853,1.08628
2024-10-17,1.08627,1.08737,1.08106,1.08318
2024-10-18,1.08316,1.08694,1.0825,1.0865
2024-10-21,1.0866,1.0872,1.08108,1.08147
2024-10-22,1.08149,1.08381,1.07922,1.07982
2024-10-23,1.0798,1.08067,1.07609,1.0783
2024-10-24,1.07824,1.083,1.07702,1.08278
2024-10-25,1.0828,1.08393,1.07927,1.0793
2024-10-28,1.07935,1.08276,1.07817,1.08134
2024-10-29,1.08134,1.08263,1.07687,1.0814
2024-10-30,1.08147,1.08713,1.08076,1.08569
2024-10-31,1.08571,1.08881,1.08438,1.0882
2024-11-01,1.08821,1.09057,1.08315,1.0834
2024-11-04,1.0879,1.09147,1.08695,1.08767
2024-11-05,1.08757,1.09365,1.08721,1.09288
2024-11-06,1.09265,1.09369,1.06822,1.07269
2024-11-07,1.07262,1.08247,1.07125,1.08038
2024-11-08,1.08021,1.0805,1.06865,1.07182
2024-11-11,1.0707,1.0728,1.06283,1.06533
2024-11-12,1.06534,1.06631,1.05946,1.06216
2024-11-13,1.06202,1.0654,1.05555,1.05622
2024-11-14,1.05627,1.05825,1.04958,1.0529
2024-11-15,1.0529,1.0593,1.05159,1.05394
2024-11-18,1.05294,1.06072,1.0528,1.05979
2024-11-19,1.05979,1.0601,1.05229,1.05937
2024-11-20,1.05931,1.061,1.05065,1.05432
2024-11-21,1.05427,1.0555,1.04618,1.04738
2024-11-22,1.04734,1.04981,1.03325,1.04193
2024-11-25,1.04829,1.05303,1.04486,1.04942
2024-11-26,1.04929,1.05448,1.04246,1.04879
2024-11-27,1.04868,1.05878,1.0474,1.0566
2024-11-28,1.05652,1.057,1.05271,1.05489
2024-11-29,1.05511,1.05971,1.05411,1.05748
2024-12-02,1.05695,1.05742,1.04603,1.04966
2024-12-03,1.0497,1.05351,1.04806,1.05073
2024-12-04,1.05065,1.05441,1.04718,1.05114
2024-12-05,1.05071,1.05896,1.05054,1.0584
2024-12-06,1.05839,1.06298,1.05419,1.05673
2024-12-09,1.05574,1.05945,1.05317,1.05531
2024-12-10,1.05519,1.05681,1.0498,1.05268
2024-12-11,1.05259,1.05394,1.04797,1.04933
2024-12-12,1.04935,1.05309,1.04634,1.0469
2024-12-13,1.04655,1.05242,1.04527,1.05017
2024-12-16,1.04865,1.05248,1.04742,1.05121
2024-12-17,1.05099,1.05341,1.04788,1.04903
2024-12-18,1.04904,1.05127,1.03436,1.03507
2024-12-19,1.03513,1.04224,1.03457,1.03605
2024-12-20,1.03616,1.04475,1.03426,1.04244
2024-12-23,1.04304,1.04452,1.03838,1.04048
2024-12-24,1.04043,1.04099,1.03832,1.0401
2024-12-25,1.0395,1.0412,1.0395,1.0401
2024-12-26,1.0403,1.04301,1.03901,1.0422
2024-12-27,1.04184,1.04441,1.04047,1.04239
2024-12-30,1.04275,1.04584,1.03714,1.04068
2024-12-31,1.04054,1.04244,1.03438,1.03522
2025-01-01,1.0358,1.0359,1.0352,1.0352
2025-01-02,1.03544,1.03756,1.02238,1.02619
2025-01-03,1.0264,1.031,1.02524,1.03066
2025-01-06,1.0302,1.04368,1.0294,1.03898
2025-01-07,1.03884,1.04344,1.0339,1.03394
2025-01-08,1.03398,1.03575,1.02728,1.03178
2025-01-09,1.03177,1.03215,1.02834,1.0299
2025-01-10,1.0299,1.03118,1.02124,1.0244
2025-01-13,1.02402,1.025,1.01772,1.02441
2025-01-14,1.02407,1.03086,1.02382,1.03076
2025-01-15,1.03074,1.03544,1.02588,1.02861
2025-01-16,1.0288,1.03151,1.02604,1.0299
2025-01-17,1.02965,1.03306,1.0265,1.0271
2025-01-20,1.02831,1.04342,1.02659,1.04155
2025-01-21,1.04156,1.04343,1.03518,1.03876
2025-01-22,1.04285,1.04573,1.03918,1.04077
2025-01-23,1.0408,1.0438,1.03717,1.04148
2025-01-24,1.04147,1.05214,1.04112,1.04919
2025-01-27,1.0479,1.05334,1.04536,1.04916
2025-01-28,1.04912,1.04932,1.04135,1.04298
2025-01-29,1.04296,1.04436,1.03821,1.04207
2025-01-30,1.04203,1.04679,1.03859,1.03875
2025-01-31,1.03879,1.0434,1.03496,1.03602
2025-02-03,1.0232,1.03499,1.02103,1.0343
2025-02-04,1.03427,1.03876,1.0272,1.03783
2025-02-05,1.0378,1.04425,1.03693,1.04021
2025-02-06,1.04019,1.04058,1.03521,1.03828
2025-02-07,1.03821,1.04124,1.03048,1.0326
2025-02-10,1.02886,1.03365,1.02808,1.03063
2025-02-11,1.03062,1.03815,1.02917,1.03604
2025-02-12,1.03605,1.04299,1.03168,1.03824
2025-02-13,1.03818,1.0467,1.03726,1.04641
2025-02-14,1.04625,1.05141,1.04469,1.04913
2025-02-17,1.04858,1.05062,1.04667,1.0484
2025-02-18,1.04833,1.04863,1.04348,1.04459
2025-02-19,1.0445,1.04613,1.04004,1.04222
2025-02-20,1.04217,1.05034,1.04183,1.05002
2025-02-21,1.05001,1.05054,1.0449,1.04559
2025-02-24,1.04768,1.05283,1.04524,1.04671
2025-02-25,1.04664,1.05193,1.04559,1.05121
2025-02-26,1.05124,1.05289,1.04747,1.04836
2025-02-27,1.04834,1.04924,1.03965,1.03973
2025-02-28,1.03966,1.042,1.03596,1.03747
2025-03-03,1.04027,1.05036,1.03883,1.04857
2025-03-04,1.04849,1.06275,1.04708,1.06253
2025-03-05,1.06249,1.07968,1.06017,1.07875
2025-03-06,1.07864,1.08537,1.07655,1.07818
2025-03-07,1.0782,1.08888,1.07768,1.083
2025-03-10,1.08392,1.08747,1.08048,1.0834
2025-03-11,1.08345,1.09472,1.08305,1.0911
2025-03-12,1.09111,1.09314,1.08754,1.08857
2025-03-13,1.08856,1.08972,1.08222,1.0851
2025-03-14,1.08515,1.09127,1.08304,1.08765
2025-03-17,1.088,1.09297,1.0868,1.09212
2025-03-18,1.09214,1.09547,1.08921,1.09442
2025-03-19,1.09436,1.0946,1.08603,1.09033
2025-03-20,1.09045,1.09173,1.08143,1.08539
2025-03-21,1.08535,1.08613,1.07962,1.08121
2025-03-24,1.08168,1.08582,1.07813,1.07995
2025-03-25,1.07991,1.08301,1.07765,1.07908
2025-03-26,1.07921,1.0803,1.07342,1.07362
2025-03-27,1.07365,1.08212,1.07327,1.07974
2025-03-28,1.07971,1.08448,1.07644,1.08237
2025-03-31,1.08144,1.08494,1.07837,1.08184
2025-04-01,1.08181,1.08301,1.07779,1.07929
2025-04-02,1.07929,1.09243,1.078,1.08264
2025-04-03,1.08262,1.11466,1.08046,1.10505
2025-04-04,1.10509,1.11076,1.09242,1.09573
2025-04-07,1.09148,1.105,1.09007,1.09112
2025-04-08,1.09112,1.09918,1.08881,1.09565
2025-04-09,1.09564,1.10952,1.0913,1.09503
2025-04-10,1.09497,1.12414,1.09426,1.11888
2025-04-11,1.11918,1.14736,1.11918,1.13586
2025-04-14,1.13177,1.14246,1.12956,1.13522
2025-04-15,1.13531,1.13789,1.12638,1.12812
2025-04-16,1.12806,1.14127,1.12805,1.1397
2025-04-17,1.13965,1.14091,1.13349,1.13668
2025-04-18,1.1367,1.1398,1.13576,1.13913
2025-04-21,1.14072,1.15733,1.139,1.15085
2025-04-22,1.15085,1.15473,1.13613,1.13623
2025-04-23,1.13651,1.144,1.13072,1.13236
2025-04-24,1.13223,1.1398,1.13194,1.13857
2025-04-25,1.13849,1.13912,1.13155,1.1364
2025-04-28,1.13601,1.1425,1.1329,1.14198
2025-04-29,1.14202,1.1422,1.13698,1.13846
2025-04-30,1.13861,1.13994,1.13168,1.13253
2025-05-01,1.13253,1.13411,1.12655,1.12857
2025-05-02,1.12865,1.1381,1.12739,1.12952
2025-05-05,1.1299,1.13648,1.12968,1.13143
2025-05-06,1.13157,1.13811,1.12796,1.13715
2025-05-07,1.13721,1.13782,1.12914,1.13106
2025-05-08,1.1312,1.13362,1.12116,1.12261
2025-05-09,1.12268,1.12929,1.11964,1.1246
2025-05-12,1.12136,1.12428,1.10651,1.1088
2025-05-13,1.10878,1.11947,1.10868,1.11856
2025-05-14,1.11855,1.12658,1.11643,1.11749
2025-05-15,1.11763,1.1228,1.117,1.11872
2025-05-16,1.11883,1.12196,1.11307,1.1164
2025-05-19,1.11737,1.12881,1.11711,1.12431
2025-05-20,1.12433,1.12858,1.12177,1.12822
2025-05-21,1.12823,1.13628,1.12787,1.13281
2025-05-22,1.13282,1.1345,1.12555,1.12791
2025-05-23,1.12803,1.13757,1.12785,1.13606
2025-05-26,1.13667,1.14187,1.13617,1.13848
2025-05-27,1.13855,1.14071,1.1323,1.13304
2025-05-28,1.13309,1.13456,1.12834,1.12925
2025-05-29,1.1294,1.13845,1.12098,1.1369
2025-05-30,1.13672,1.139,1.13121,1.1345
2025-06-02,1.13494,1.14498,1.13454,1.14377
2025-06-03,1.14398,1.14546,1.13638,1.1375
2025-06-04,1.13749,1.14344,1.13567,1.14157
2025-06-05,1.14157,1.1495,1.14043,1.14416
2025-06-06,1.1443,1.1457,1.1369,1.1394
2025-06-09,1.1391,1.1439,1.1385,1.142
2025-06-10,1.1422,1.1447,1.1372,1.1423
2025-06-11,1.1426,1.1499,1.1404,1.1487
2025-06-12,1.1491,1.1631,1.1484,1.1583
2025-06-13,1.1581,1.1614,1.1488,1.1552
2025-06-16,1.1535,1.1614,1.1522,1.1561
2025-06-17,1.1566,1.1577,1.1474,1.1479
2025-06-18,1.1479,1.153,1.146,1.1479
2025-06-19,1.1483,1.1499,1.1445,1.1494
2025-06-20,1.1494,1.1543,1.1489,1.1522
2025-06-23,1.1479,1.1581,1.1451,1.1576
2025-06-24,1.1576,1.1641,1.1573,1.1608
2025-06-25,1.1608,1.1665,1.1589,1.1659
2025-06-26,1.1658,1.1744,1.1653,1.1699
2025-06-27,1.1695,1.1754,1.1679,1.1719
2025-06-30,1.1711,1.1788,1.1702,1.1786
2025-07-01,1.1786,1.1829,1.1759,1.1805
2025-07-02,1.1802,1.1809,1.1746,1.1798
2025-07-03,1.1798,1.1809,1.1717,1.1756
2025-07-04,1.1756,1.1787,1.1752,1.1778
2025-07-07,1.177,1.179,1.1686,1.1707
2025-07-08,1.1709,1.1765,1.1682,1.1724
2025-07-09,1.1724,1.1729,1.1689,1.1719
2025-07-10,1.172,1.1749,1.1661,1.17
2025-07-11,1.17,1.1713,1.1663,1.1689
2025-07-14,1.1673,1.1697,1.1649,1.1663
2025-07-15,1.1666,1.1692,1.159,1.1599
2025-07-16,1.1599,1.1721,1.1561,1.1634
2025-07-17,1.164,1.1642,1.1555,1.1595
2025-07-18,1.1595,1.1671,1.1589,1.1625
2025-07-21,1.1618,1.1716,1.1614,1.1695
2025-07-22,1.1695,1.176,1.1677,1.1753
2025-07-23,1.1752,1.1775,1.1709,1.177
2025-07-24,1.177,1.1788,1.1729,1.1754
2025-07-25,1.1747,1.1761,1.1702,1.174
2025-07-28,1.1746,1.1772,1.1584,1.1588
2025-07-29,1.1588,1.1599,1.1515,1.1545
2025-07-30,1.1545,1.1572,1.1399,1.1404
2025-07-31,1.1404,1.146,1.1402,1.1415
2025-08-01,1.1414,1.1597,1.1389,1.1584
2025-08-04,1.1577,1.1596,1.1547,1.157
2025-08-05,1.157,1.1587,1.1525,1.1574
2025-08-06,1.1571,1.1668,1.1563,1.1659
2025-08-07,1.1659,1.1698,1.1609,1.1665
2025-08-08,1.1665,1.1679,1.1628,1.1639
2025-08-11,1.1637,1.1675,1.1589,1.1614
2025-08-12,1.1614,1.1697,1.1597,1.1673
2025-08-13,1.1674,1.173,1.1667,1.1704
2025-08-14,1.1705,1.1715,1.163,1.1646
2025-08-15,1.1647,1.1715,1.1644,1.1697
2025-08-18,1.1691,1.1716,1.1655,1.166
2025-08-19,1.1659,1.1692,1.1637,1.1646
2025-08-20,1.1649,1.1673,1.1621,1.1651
2025-08-21,1.1652,1.1662,1.1598,1.1605
2025-08-22,1.1605,1.1742,1.1581,1.1715
2025-08-25,1.1715,1.1727,1.1601,1.1618
2025-08-26,1.1618,1.1665,1.1599,1.1642
2025-08-27,1.1642,1.1647,1.1573,1.1637
2025-08-28,1.1637,1.1697,1.1627,1.1682
2025-08-29,1.1682,1.1708,1.1649,1.1684
2025-09-01,1.1684,1.1736,1.1683,1.1709
2025-09-02,1.1709,1.1718,1.161,1.1638
2025-09-03,1.1642,1.1682,1.1606,1.1661
2025-09-04,1.1659,1.1669,1.1628,1.1649
2025-09-05,1.1648,1.1759,1.1645,1.1717
2025-09-08,1.1717,1.1765,1.17,1.1762
2025-09-09,1.1762,1.1779,1.1702,1.1706
2025-09-10,1.1707,1.173,1.1681,1.1693
2025-09-11,1.1693,1.1745,1.1661,1.1733
2025-09-12,1.1733,1.1747,1.17,1.1733
2025-09-15,1.1733,1.1774,1.1715,1.176
2025-09-16,1.1762,1.1878,1.1756,1.1866
2025-09-17,1.1866,1.1918,1.1806,1.1812
2025-09-18,1.1812,1.1848,1.175,1.1786
2025-09-19,1.1786,1.1792,1.1728,1.1744
2025-09-22,1.1744,1.1803,1.1725,1.1802
2025-09-23,1.1802,1.1819,1.1778,1.1815
2025-09-24,1.1814,1.1819,1.1727,1.1737
2025-09-25,1.1738,1.1753,1.1645,1.1665
2025-09-26,1.1665,1.1707,1.1657,1.1701
2025-09-29,1.1697,1.1754,1.1697,1.1725
2025-09-30,1.1726,1.1761,1.1711,1.1733
2025-10-01,1.1733,1.1778,1.1712,1.1729
2025-10-02,1.1728,1.1758,1.1681,1.1714
2025-10-03,1.1714,1.1758,1.1712,1.1741
2025-10-06,1.1741,1.1741,1.1649,1.1709
2025-10-07,1.1712,1.1716,1.1647,1.1655
2025-10-08,1.1653,1.1661,1.1597,1.1626
2025-10-09,1.1623,1.1648,1.1541,1.1563
2025-10-10,1.1563,1.163,1.1555,1.1618
2025-10-13,1.1618,1.1629,1.1556,1.1568
2025-10-14,1.157,1.1615,1.154,1.1605
2025-10-15,1.1605,1.1647,1.16,1.1646
2025-10-16,1.1647,1.1694,1.164,1.1687
2025-10-17,1.1686,1.1728,1.165,1.1651
2025-10-20,1.1657,1.1675,1.1637,1.164
2025-10-21,1.1641,1.1655,1.1597,1.1598
2025-10-22,1.1598,1.1622,1.1576,1.161
2025-10-23,1.1609,1.162,1.1584,1.1617
2025-10-24,1.1618,1.1647,1.1599,1.1625
2025-10-27,1.1625,1.1651,1.1616,1.1643
2025-10-28,1.1644,1.1668,1.1625,1.165
2025-10-29,1.165,1.1665,1.1577,1.1599
2025-10-30,1.16,1.1637,1.1546,1.1565
2025-10-31,1.1565,1.1577,1.152,1.1534
2025-11-03,1.1534,1.1541,1.1504,1.1518
2025-11-04,1.1519,1.1533,1.1472,1.1482
2025-11-05,1.1483,1.1497,1.1468,1.1491
2025-11-06,1.1491,1.1552,1.1489,1.1547
2025-11-07,1.1546,1.1591,1.1528,1.1565
2025-11-10,1.1565,1.1583,1.1538,1.1556
2025-11-11,1.1556,1.1605,1.1546,1.158
2025-11-12,1.158,1.1597,1.1562,1.1592
2025-11-13,1.1592,1.1655,1.1578,1.1631
2025-11-14,1.1638,1.1653,1.1604,1.162
2025-11-17,1.162,1.1624,1.1581,1.159
2025-11-18,1.1591,1.1607,1.157,1.1579
2025-11-19,1.1579,1.1597,1.1517,1.1536
2025-11-20,1.1535,1.1549,1.1506,1.1527
2025-11-21,1.1527,1.1552,1.1488,1.1511
2025-11-24,1.1511,1.155,1.1501,1.152
2025-11-25,1.152,1.1585,1.151,1.1569
2025-11-26,1.1569,1.16,1.1546,1.1594
2025-11-27,1.1595,1.1613,1.1575,1.1595
2025-11-28,1.1595,1.1607,1.1553,1.1595
2025-12-01,1.1595,1.1652,1.1588,1.161
2025-12-02,1.1608,1.1625,1.159,1.1623
2025-12-03,1.1624,1.1677,1.1619,1.167
2025-12-04,1.1668,1.1681,1.164,1.1643
2025-12-05,1.1643,1.1671,1.1627,1.1642
2025-12-08,1.164,1.1671,1.1615,1.1636
2025-12-09,1.1635,1.1657,1.1614,1.1625
2025-12-10,1.1625,1.1699,1.162,1.1694
2025-12-11,1.1692,1.1762,1.1681,1.1738
2025-12-12,1.1737,1.1749,1.1719,1.174
2025-12-15,1.1733,1.1768,1.1724,1.1752
2025-12-16,1.1752,1.1803,1.1734,1.1746
2025-12-17,1.1746,1.1758,1.1702,1.1739
2025-12-18,1.1739,1.1762,1.1712,1.1721
2025-12-19,1.1719,1.1737,1.1702,1.1708
2025-12-22,1.1705,1.1769,1.1703,1.176
2025-12-23,1.1755,1.1801,1.1754,1.1794
2025-12-24,1.1792,1.1807,1.1771,1.1778
2025-12-25,1.1782,1.1785,1.1769,1.1777
2025-12-26,1.1777,1.1796,1.176,1.1771
2025-12-29,1.1764,1.1788,1.1748,1.1772
2025-12-30,1.1767,1.1779,1.1742,1.1746
2025-12-31,1.1745,1.1759,1.1719,1.1745
2026-01-01,1.174,1.1745,1.1739,1.1745
2026-01-02,1.1747,1.1764,1.1712,1.1719
2026-01-05,1.172,1.1728,1.1658,1.172
2026-01-06,1.1721,1.1742,1.1683,1.1687
2026-01-07,1.1686,1.1702,1.1671,1.1673
2026-01-08,1.1673,1.1682,1.1642,1.1658
2026-01-09,1.1658,1.1662,1.1617,1.1637
2026-01-12,1.1629,1.1698,1.162,1.1667
2026-01-13,1.1668,1.1677,1.1633,1.1641
2026-01-14,1.1645,1.1661,1.1634,1.1642
2026-01-15,1.1641,1.1647,1.1592,1.1606
2026-01-16,1.1607,1.1627,1.1583,1.1597
2026-01-19,1.1583,1.1648,1.157,1.1645
2026-01-20,1.1642,1.1768,1.1631,1.1724
2026-01-21,1.1721,1.1742,1.1676,1.1682
2026-01-22,1.1682,1.1756,1.1668,1.1754
2026-01-23,1.1752,1.1833,1.1727,1.1826
2026-01-26,1.1831,1.1906,1.1831,1.1879
2026-01-27,1.1875,1.2078,1.1849,1.2041
2026-01-28,1.2039,1.2044,1.1895,1.1952
2026-01-29,1.1952,1.1996,1.1905,1.1969
2026-01-30,1.197,1.1974,1.1848,1.1848
2026-02-02,1.1852,1.1874,1.1775,1.1789
2026-02-03,1.1789,1.1828,1.1779,1.1818
2026-02-04,1.1818,1.1838,1.1789,1.1806
2026-02-05,1.1806,1.1821,1.1773,1.1775
2026-02-06,1.1777,1.1826,1.1764,1.1816
2026-02-09,1.1816,1.1926,1.1807,1.1913
2026-02-10,1.1912,1.1928,1.1886,1.1894
2026-02-11,1.1893,1.1927,1.1831,1.187
2026-02-12,1.1877,1.1889,1.1851,1.1869
2026-02-13,1.1869,1.1884,1.1845,1.1867
2026-02-16,1.1867,1.1875,1.1845,1.185
2026-02-17,1.185,1.1855,1.1804,1.1853
2026-02-18,1.1853,1.1857,1.1781,1.1782
2026-02-19,1.1782,1.1807,1.1741,1.1772
2026-02-20,1.1772,1.1807,1.1742,1.178
2026-02-23,1.1781,1.1834,1.1774,1.1784
2026-02-24,1.179,1.1796,1.1765,1.1771
2026-02-25,1.1772,1.1814,1.1769,1.1809
2026-02-26,1.1809,1.1828,1.1773,1.1797
2026-02-27,1.1796,1.1826,1.1785,1.1813
2026-03-02,1.1776,1.1795,1.1671,1.1687
2026-03-03,1.1687,1.1706,1.1528,1.1613
2026-03-04,1.1611,1.1654,1.1573,1.1633
2026-03-05,1.1633,1.1647,1.1558,1.1607
2026-03-06,1.1609,1.1621,1.1544,1.1618
2026-03-09,1.1567,1.1637,1.1505,1.1636
2026-03-10,1.1636,1.1667,1.1605,1.161
2026-03-11,1.1611,1.1645,1.1559,1.1566
2026-03-12,1.1567,1.1575,1.1508,1.151
2026-03-13,1.151,1.1529,1.141,1.1416
